Workbook

Sheet Sheet1
A1: Wind Velocity (m/s) | B1: Vortex Freq (Hz) | C1: Reynolds Num (Re) | D1: Osc. Lift Force (N) | E1: Freq Ratio (r) | F1: Amplitude (m) | G1: VIV Mech. Power (W) | H1: PMLG Elec. Power (W)
A2: 3 | B2: 0.6 | C2: 205478 | D2: 0.83 | E2: 0.27 | F2: 0.0046 | G2: 0.12 | H2: 0.11
A3: 4 | B3: 0.8 | C3: 273971 | D3: 1.47 | E3: 0.37 | F3: 0.0086 | G3: 0.44 | H3: 0.39
A4: 5 | B4: 1 | C4: 342465 | D4: 2.3 | E4: 0.46 | F4: 0.0149 | G4: 1.48 | H4: 1.33
A5: 6 | B5: 1.2 | C5: 410958 | D5: 3.31 | E5: 0.55 | F5: 0.0243 | G5: 4.09 | H5: 3.68
A6: 7 | B6: 1.4 | C6: 479451 | D6: 4.5 | E6: 0.64 | F6: 0.0381 | G6: 9.77 | H6: 8.79
A7: 8 | B7: 1.6 | C7: 547944 | D7: 5.88 | E7: 0.73 | F7: 0.0583 | G7: 20.84 | H7: 18.75
A8: 9 | B8: 1.8 | C8: 616437 | D8: 7.44 | E8: 0.82 | F8: 0.0872 | G8: 41.87 | H8: 37.68
A9: 10 | B9: 2 | C9: 684930 | D9: 9.19 | E9: 0.91 | F9: 0.1 | G9: 71.06 | H9: 63.95
A10: 10.95 | B10: 2.19 | C10: 750000 | D10: 11.02 | E10: 1 | F10: 0.1 | G10: 88.57 | H10: 79.71
A11: 11 | B11: 2.2 | C11: 753423 | D11: 11.12 | E11: 1 | F11: 0.1 | G11: 89.63 | H11: 80.67
A12: 12 | B12: 2.4 | C12: 821916 | D12: 13.23 | E12: 1.1 | F12: 0.1 | G12: 113.69 | H12: 102.32
A13: 13 | B13: 2.6 | C13: 890409 | D13: 15.53 | E13: 1.19 | F13: 0.0913 | G13: 119.34 | H13: 107.41
... A25: 25 | B25: 5 | C25: 1712325 | D25: 57.45 | E25: 2.28 | F25: 0.0209 | G25: 38.99 | H25: 35.09

Sheet Parameters
A1: Air Density | B1: 1.225 | C1: kg/m³
A2: Dyn. Viscosity | B2: 1.789e-05 | C2: kg/m·s
A3: Chord Length | B3: 1 | C3: m
A4: Area | B4: 1.5 | C4: m²
A5: Osc. Lift Coeff. | B5: 0.1 | C5: -
A6: Strouhal Number | B6: 0.2 | C6: -
A7: Mass | B7: 1 | C7: kg
A8: Spring Constant | B8: 190 | C8: N/m
A9: Damping | B9: 8 | C9: N·s/m
A10: Efficiency | B10: 0.9 | C10: -
A11: Turns per Phase | B11: 2000 | C11: turns
A12: Air Gap Flux | B12: 1.15 | C12: T
... A14: Coil Resistance | B14: 37.2 | C14: Ω
A16: Natural Freq. | B16: =1/(2*PI())*SQRT(B8/B7) -> 2.1937995
A17: Damping Ratio | B17: =B9/(2*SQRT(B8*B7)) -> 0.2901905
A18: Resonant Wind | B18: =B17*B4/B6 -> 2.1764288

Sheet VIV Structure & Generator Resul
A1: Wind | B1: Vortex Freq | C1: Re | D1: Lift Force | E1: Freq Ratio | F1: Amplitude | G1: Max Velocity | H1: VIV Power | I1: PMLG
A2: 3 | B2: =Parameters!$B$5*A2/Parameters!$B$3 -> 0.3 | C2: =(Parameters!$B$1*A2*Parameters!$B$3)/Parameters!$B$2 -> 205422.02 | D2: =0.5*Parameters!$B$1*A2^2*Parameters!$B$4*Parameters!$B$5 -> 0.826875 | E2: =B2/Parameters!$B$17 -> 1.0338037 | F2: =MIN(0.1, D2/(Parameters!$B$8*SQRT((1-E2^2)^2+(2*Parameters!$B$19*E2)^2))) -> 0.063301435 | G2: =F2*2*PI()*B2 -> 0.11932039 | H2: 0.12 | I2: =H2*Parameters!$B$10 -> 0.108
A3: 4 | B3: =Parameters!$B$5*A3/Parameters!$B$3 -> 0.4 | C3: =(Parameters!$B$1*A3*Parameters!$B$3)/Parameters!$B$2 -> 273896.03 | D3: =0.5*Parameters!$B$1*A3^2*Parameters!$B$4*Parameters!$B$5 -> 1.47 | E3: =B3/Parameters!$B$17 -> 1.3784049 | F3: =MIN(0.1, D3/(Parameters!$B$8*SQRT((1-E3^2)^2+(2*Parameters!$B$19*E3)^2))) -> 0.0085964912 | G3: =F3*2*PI()*B3 -> 0.021605339 | H3: 0.44 | I3: =H3*Parameters!$B$10 -> 0.396
A4: 5 | B4: =Parameters!$B$5*A4/Parameters!$B$3 -> 0.5 | C4: =(Parameters!$B$1*A4*Parameters!$B$3)/Parameters!$B$2 -> 342370.04 | D4: =0.5*Parameters!$B$1*A4^2*Parameters!$B$4*Parameters!$B$5 -> 2.296875 | E4: =B4/Parameters!$B$17 -> 1.7230061 | F4: =MIN(0.1, D4/(Parameters!$B$8*SQRT((1-E4^2)^2+(2*Parameters!$B$19*E4)^2))) -> 0.0061403509 | G4: =F4*2*PI()*B4 -> 0.019290481 | H4: 1.48 | I4: =H4*Parameters!$B$10 -> 1.332
A5: 6 | B5: =Parameters!$B$5*A5/Parameters!$B$3 -> 0.6 | C5: =(Parameters!$B$1*A5*Parameters!$B$3)/Parameters!$B$2 -> 410844.05 | D5: =0.5*Parameters!$B$1*A5^2*Parameters!$B$4*Parameters!$B$5 -> 3.3075 | E5: =B5/Parameters!$B$17 -> 2.0676073 | F5: =MIN(0.1, D5/(Parameters!$B$8*SQRT((1-E5^2)^2+(2*Parameters!$B$19*E5)^2))) -> 0.0053153877 | G5: =F5*2*PI()*B5 -> 0.02003854 | H5: 4.09 | I5: =H5*Parameters!$B$10 -> 3.681
A6: 7 | B6: =Parameters!$B$5*A6/Parameters!$B$3 -> 0.7 | C6: =(Parameters!$B$1*A6*Parameters!$B$3)/Parameters!$B$2 -> 479318.05 | D6: =0.5*Parameters!$B$1*A6^2*Parameters!$B$4*Parameters!$B$5 -> 4.501875 | E6: =B6/Parameters!$B$17 -> 2.4122085 | F6: =MIN(0.1, D6/(Parameters!$B$8*SQRT((1-E6^2)^2+(2*Parameters!$B$19*E6)^2))) -> 0.0049170592 | G6: =F6*2*PI()*B6 -> 0.021626356 | H6: 9.77 | I6: =H6*Parameters!$B$10 -> 8.793
A7: 8 | B7: =Parameters!$B$5*A7/Parameters!$B$3 -> 0.8 | C7: =(Parameters!$B$1*A7*Parameters!$B$3)/Parameters!$B$2 -> 547792.06 | D7: =0.5*Parameters!$B$1*A7^2*Parameters!$B$4*Parameters!$B$5 -> 5.88 | E7: =B7/Parameters!$B$17 -> 2.7568098 | F7: =MIN(0.1, D7/(Parameters!$B$8*SQRT((1-E7^2)^2+(2*Parameters!$B$19*E7)^2))) -> 0.0046889952 | G7: =F7*2*PI()*B7 -> 0.023569461 | H7: 20.84 | I7: =H7*Parameters!$B$10 -> 18.756
A8: 9 | B8: =Parameters!$B$5*A8/Parameters!$B$3 -> 0.9 | C8: =(Parameters!$B$1*A8*Parameters!$B$3)/Parameters!$B$2 -> 616266.07 | D8: =0.5*Parameters!$B$1*A8^2*Parameters!$B$4*Parameters!$B$5 -> 7.441875 | E8: =B8/Parameters!$B$17 -> 3.101411 | F8: =MIN(0.1, D8/(Parameters!$B$8*SQRT((1-E8^2)^2+(2*Parameters!$B$19*E8)^2))) -> 0.004544483 | G8: =F8*2*PI()*B8 -> 0.025698446 | H8: 41.87 | I8: =H8*Parameters!$B$10 -> 37.683
A9: 10 | B9: =Parameters!$B$5*A9/Parameters!$B$3 -> 1 | C9: =(Parameters!$B$1*A9*Parameters!$B$3)/Parameters!$B$2 -> 684740.08 | D9: =0.5*Parameters!$B$1*A9^2*Parameters!$B$4*Parameters!$B$5 -> 9.1875 | E9: =B9/Parameters!$B$17 -> 3.4460122 | F9: =MIN(0.1, D9/(Parameters!$B$8*SQRT((1-E9^2)^2+(2*Parameters!$B$19*E9)^2))) -> 0.004446461 | G9: =F9*2*PI()*B9 -> 0.027937938 | H9: 71.06 | I9: =H9*Parameters!$B$10 -> 63.954
A10: 11 | B10: =Parameters!$B$5*A10/Parameters!$B$3 -> 1.1 | C10: =(Parameters!$B$1*A10*Parameters!$B$3)/Parameters!$B$2 -> 753214.09 | D10: =0.5*Parameters!$B$1*A10^2*Parameters!$B$4*Parameters!$B$5 -> 11.116875 | E10: =B10/Parameters!$B$17 -> 3.7906134 | F10: =MIN(0.1, D10/(Parameters!$B$8*SQRT((1-E10^2)^2+(2*Parameters!$B$19*E10)^2))) -> 0.0043766147 | G10: =F10*2*PI()*B10 -> 0.03024899 | H10: 89.63 | I10: =H10*Parameters!$B$10 -> 80.667
A11: 12 | B11: =Parameters!$B$5*A11/Parameters!$B$3 -> 1.2 | C11: =(Parameters!$B$1*A11*Parameters!$B$3)/Parameters!$B$2 -> 821688.09 | D11: =0.5*Parameters!$B$1*A11^2*Parameters!$B$4*Parameters!$B$5 -> 13.23 | E11: =B11/Parameters!$B$17 -> 4.1352146 | F11: =MIN(0.1, D11/(Parameters!$B$8*SQRT((1-E11^2)^2+(2*Parameters!$B$19*E11)^2))) -> 0.0043249428 | G11: =F11*2*PI()*B11 -> 0.0326093 | H11: 113.69 | I11: =H10*Parameters!$B$10 -> 80.667
A12: 13 | B12: =Parameters!$B$5*A12/Parameters!$B$3 -> 1.3 | C12: =(Parameters!$B$1*A12*Parameters!$B$3)/Parameters!$B$2 -> 890162.1 | D12: =0.5*Parameters!$B$1*A12^2*Parameters!$B$4*Parameters!$B$5 -> 15.526875 | E12: =B12/Parameters!$B$17 -> 4.4798158 | F12: =MIN(0.1, D12/(Parameters!$B$8*SQRT((1-E12^2)^2+(2*Parameters!$B$19*E12)^2))) -> 0.0042855664 | G12: =F12*2*PI()*B12 -> 0.03500511 | H12: 119.34 | I12: =H11*Parameters!$B$10 -> 102.321
A13: 14 | B13: =Parameters!$B$5*A13/Parameters!$B$3 -> 1.4 | C13: =(Parameters!$B$1*A13*Parameters!$B$3)/Parameters!$B$2 -> 958636.11 | D13: =0.5*Parameters!$B$1*A13^2*Parameters!$B$4*Parameters!$B$5 -> 18.0075 | E13: =B13/Parameters!$B$17 -> 4.8244171 | F13: =MIN(0.1, D13/(Parameters!$B$8*SQRT((1-E13^2)^2+(2*Parameters!$B$19*E13)^2))) -> 0.004254829 | G13: =F13*2*PI()*B13 -> 0.037427431 | H13: 116.12 | I13: =H12*Parameters!$B$10 -> 107.406
A14: 15 | B14: =Parameters!$B$5*A14/Parameters!$B$3 -> 1.5 | C14: =(Parameters!$B$1*A14*Parameters!$B$3)/Parameters!$B$2 -> 1027110.1 | D14: =0.5*Parameters!$B$1*A14^2*Parameters!$B$4*Parameters!$B$5 -> 20.671875 | E14: =B14/Parameters!$B$17 -> 5.1690183 | F14: =MIN(0.1, D14/(Parameters!$B$8*SQRT((1-E14^2)^2+(2*Parameters!$B$19*E14)^2))) -> 0.0042303511 | G14: =F14*2*PI()*B14 -> 0.03987012 | H14: 108.31 | I14: =H13*Parameters!$B$10 -> 104.508
A15: 16 | B15: =Parameters!$B$5*A15/Parameters!$B$3 -> 1.6 | C15: =(Parameters!$B$1*A15*Parameters!$B$3)/Parameters!$B$2 -> 1095584.1 | D15: =0.5*Parameters!$B$1*A15^2*Parameters!$B$4*Parameters!$B$5 -> 23.52 | E15: =B15/Parameters!$B$17 -> 5.5136195 | F15: =MIN(0.1, D15/(Parameters!$B$8*SQRT((1-E15^2)^2+(2*Parameters!$B$19*E15)^2))) -> 0.0042105263 | G15: =F15*2*PI()*B15 -> 0.042328827 | H15: 98.71 | I15: =H14*Parameters!$B$10 -> 97.479
A16: 17 | B16: =Parameters!$B$5*A16/Parameters!$B$3 -> 1.7 | C16: =(Parameters!$B$1*A16*Parameters!$B$3)/Parameters!$B$2 -> 1164058.1 | D16: =0.5*Parameters!$B$1*A16^2*Parameters!$B$4*Parameters!$B$5 -> 26.551875 | E16: =B16/Parameters!$B$17 -> 5.8582207 | F16: =MIN(0.1, D16/(Parameters!$B$8*SQRT((1-E16^2)^2+(2*Parameters!$B$19*E16)^2))) -> 0.0041942363 | G16: =F16*2*PI()*B16 -> 0.044800379 | H16: 88.94 | I16: =H15*Parameters!$B$10 -> 88.839
A17: 18 | B17: =Parameters!$B$5*A17/Parameters!$B$3 -> 1.8 | C17: =(Parameters!$B$1*A17*Parameters!$B$3)/Parameters!$B$2 -> 1232532.1 | D17: =0.5*Parameters!$B$1*A17^2*Parameters!$B$4*Parameters!$B$5 -> 29.7675 | E17: =B17/Parameters!$B$17 -> 6.2028219 | F17: =MIN(0.1, D17/(Parameters!$B$8*SQRT((1-E17^2)^2+(2*Parameters!$B$19*E17)^2))) -> 0.0041806819 | G17: =F17*2*PI()*B17 -> 0.047282398 | H17: 79.73 | I17: =H16*Parameters!$B$10 -> 80.046
A18: 19 | B18: =Parameters!$B$5*A18/Parameters!$B$3 -> 1.9 | C18: =(Parameters!$B$1*A18*Parameters!$B$3)/Parameters!$B$2 -> 1301006.1 | D18: =0.5*Parameters!$B$1*A18^2*Parameters!$B$4*Parameters!$B$5 -> 33.166875 | E18: =B18/Parameters!$B$17 -> 6.5474232 | F18: =MIN(0.1, D18/(Parameters!$B$8*SQRT((1-E18^2)^2+(2*Parameters!$B$19*E18)^2))) -> 0.004169279 | G18: =F18*2*PI()*B18 -> 0.04977307 | H18: 71.37 | I18: =H17*Parameters!$B$10 -> 71.757
A19: 20 | B19: =Parameters!$B$5*A19/Parameters!$B$3 -> 2 | C19: =(Parameters!$B$1*A19*Parameters!$B$3)/Parameters!$B$2 -> 1369480.2 | D19: =0.5*Parameters!$B$1*A19^2*Parameters!$B$4*Parameters!$B$5 -> 36.75 | E19: =B19/Parameters!$B$17 -> 6.8920244 | F19: =MIN(0.1, D19/(Parameters!$B$8*SQRT((1-E19^2)^2+(2*Parameters!$B$19*E19)^2))) -> 0.0041595925 | G19: =F19*2*PI()*B19 -> 0.052270981 | H19: 63.95 | I19: =H18*Parameters!$B$10 -> 64.233
A20: 21 | B20: =Parameters!$B$5*A20/Parameters!$B$3 -> 2.1 | C20: =(Parameters!$B$1*A20*Parameters!$B$3)/Parameters!$B$2 -> 1437954.2 | D20: =0.5*Parameters!$B$1*A20^2*Parameters!$B$4*Parameters!$B$5 -> 40.516875 | E20: =B20/Parameters!$B$17 -> 7.2366256 | F20: =MIN(0.1, D20/(Parameters!$B$8*SQRT((1-E20^2)^2+(2*Parameters!$B$19*E20)^2))) -> 0.0041512926 | G20: =F20*2*PI()*B20 -> 0.054775015 | H20: 57.45 | I20: =H19*Parameters!$B$10 -> 57.555
A21: 22 | B21: =Parameters!$B$5*A21/Parameters!$B$3 -> 2.2 | C21: =(Parameters!$B$1*A21*Parameters!$B$3)/Parameters!$B$2 -> 1506428.2 | D21: =0.5*Parameters!$B$1*A21^2*Parameters!$B$4*Parameters!$B$5 -> 44.4675 | E21: =B21/Parameters!$B$17 -> 7.5812268 | F21: =MIN(0.1, D21/(Parameters!$B$8*SQRT((1-E21^2)^2+(2*Parameters!$B$19*E21)^2))) -> 0.0041441253 | G21: =F21*2*PI()*B21 -> 0.057284275 | H21: 51.8 | I21: =H20*Parameters!$B$10 -> 51.705
A22: 23 | B22: =Parameters!$B$5*A22/Parameters!$B$3 -> 2.3 | C22: =(Parameters!$B$1*A22*Parameters!$B$3)/Parameters!$B$2 -> 1574902.2 | D22: =0.5*Parameters!$B$1*A22^2*Parameters!$B$4*Parameters!$B$5 -> 48.601875 | E22: =B22/Parameters!$B$17 -> 7.925828 | F22: =MIN(0.1, D22/(Parameters!$B$8*SQRT((1-E22^2)^2+(2*Parameters!$B$19*E22)^2))) -> 0.0041378925 | G22: =F22*2*PI()*B22 -> 0.059798034 | H22: 46.9 | I22: =H21*Parameters!$B$10 -> 46.62
... A24: 25 | B24: =Parameters!$B$5*A24/Parameters!$B$3 -> 2.5 | C24: =(Parameters!$B$1*A24*Parameters!$B$3)/Parameters!$B$2 -> 1711850.2 | D24: =0.5*Parameters!$B$1*A24^2*Parameters!$B$4*Parameters!$B$5 -> 57.421875 | E24: =B24/Parameters!$B$17 -> 8.6150305 | F24: =MIN(0.1, D24/(Parameters!$B$8*SQRT((1-E24^2)^2+(2*Parameters!$B$19*E24)^2))) -> 0.0041276366 | G24: =F24*2*PI()*B24 -> 0.064836765 | H24: 38.99 | I24: =H23*Parameters!$B$10 -> 38.394
